1;M;2;851;866;597;513;464;0;433;555;650,65;0,07;1;-1;2,078;-1;-1;-1
2;M;3;402;402;738;593;406;613;0;665,5;523,75;0,14;1;-1;1,014;-1;-1;-1
3;M;3;491;491;729;480;428;423;443;604,5;503;0,1;1,028;1;1,5775;2,2;-1;-1
4;M;2;558;560;759;761;504;0;585;760;649,75;0,19;1,049;1,1;3,1015;2,3;-1;-1
5;M;2;529;538;591;575;312;556;0;583;545,85;0,02;1,049;-1;1;-1;-1;-1
6;M;2;771;794;573;679;413;0;499;626;680,8;0,17;1,112;5;3,473;5,055;-1;-1
7;M;2;828;905;692;696;399;0;478;694;734,85;0,1;1,2;1,3;1,168;1,6;-1;-1
8;F;2;757;757;651;642;348;0;410;646,5;651;0,17;1,21;-1;2,0205;-1;-1;-1
9;M;3;599;599;636;731;466;570;415;683,5;639,35;0,07;1,287;1,2;1,3605;1,1;-1;-1
10;M;3;599;599;636;731;466;570;415;683,5;639,35;0,07;1,287;1,2;1,3605;1,1;-1;-1
11;M;2;870;954;619;601;369;502;443;610;714,1;0,12;1,3;-1;1;-1;-1;-1
12;M;1;567;567;591;546;434;489;545;568,5;553,2;0,02;1,3045;-1;0,7245;-1;-1;-1
13;M;2;765;947;801;628;292;565;467;714,5;731,6;0,21;1,322;-1;1,588;-1;-1;-1
14;M;2;608;608;679;746;393;520;515;712,5;643,85;0,17;1,3255;-1;1,042;-1;-1;-1
15;M;2;608;608;679;746;393;520;515;712,5;643,85;0,17;1,3255;-1;1,042;-1;-1;-1
16;M;2;643;691;574;452;444;0;491;513;558,5;0,05;1,392;3,5;1,5425;2,4;-1;-1
17;F;2;780;896;375;478;309;405;399;426,5;607,55;0,05;1,434;3,8;1,9355;2,8;-1;-1
18;M;2;780;791;534;593;393;402;0;563,5;636,1;0,17;1,4795;-1;1,266;-1;-1;-1
19;M;2;650;650;633;575;483;391;411;604;589,8;0,14;1,5075;1,8;1,6685;2,8;-1;-1
20;M;2;650;650;633;575;483;391;411;604;589,8;0,14;1,5075;1,8;1,6685;2,8;-1;-1
21;M;3;871;1000;591;523;292;0;413;557;685,15;0,07;1,5185;-1;1,709;-1;-1;-1
22;M;2;658;666;454;600;379;0;340;527;573,95;0,1;1,5425;-1;1,49;-1;-1;-1
23;M;2;823;848;676;549;271;411;0;612,5;651,1;0,07;1,577;1,6;1,91;1,3;-1;-1
24;M;2;699;732;582;680;520;0;512;631;662,9;0,19;1,6125;1,3;2,127;1,5;-1;-1
25;M;2;857;962;686;679;395;556;449;682,5;755,9;0,36;1,623;-1;1,9275;-1;-1;-1
26;M;2;613;613;611;554;444;0;498;582,5;572,2;0,14;1,6405;5;1,343;4,1;-1;-1
27;M;2;613;613;611;554;444;0;498;582,5;572,2;0,14;1,6405;5;1,343;4,1;-1;-1
28;M;2;613;613;611;554;444;0;498;582,5;572,2;0,14;1,6405;5;1,343;4,1;-1;-1
29;M;3;814;874;625;549;419;0;450;587;664,2;0,14;1,6615;4,5;4,34;-1;-1;2,1
30;F;3;856;897;522;498;330;0;412;510;638,9;0,07;1,6765;4,6;1,147;2,4;-1;-1
31;M;1;713;713;665;616;363;540;427;640,5;639,45;0,17;1,6985;-1;1,2925;-1;-1;-1
32;M;2;456;456;567;563;434;474;336;565;505,25;0,12;1,6995;1,3;1,5795;1,6;-1;-1
33;M;2;823;904;689;563;363;0;480;626;685,6;0,12;1,784;-1;1,6055;-1;-1;-1
34;M;2;823;904;689;563;363;0;480;626;685,6;0,12;1,784;-1;1,6055;-1;-1;-1
35;F;2;685;733;574;535;428;0;454;554,5;599,85;0,17;1,8295;2,5;3,1825;2,2;-1;-1
36;M;2;713;713;481;523;381;0;428;502;578,2;0,19;1,836;2,7;2,7275;3,5;-1;-1
37;M;2;713;713;481;523;381;0;428;502;578,2;0,19;1,836;2,7;2,7275;3,5;-1;-1
38;M;2;538;538;563;642;346;534;0;602,5;566,9;0,29;1,8365;-1;1,3545;-1;-1;-1
39;M;2;538;538;563;642;346;534;0;602,5;566,9;0,29;1,8365;-1;1,3545;-1;-1;-1
40;M;2;538;538;563;642;346;534;0;602,5;566,9;0,29;1,8365;-1;1,3545;-1;-1;-1
41;M;3;495;495;554;563;346;0;506;558,5;518,35;0,12;1,8715;2,1;1,8015;5,02;-1;-1
42;F;2;871;992;524;593;346;474;406;558,5;709,35;0,26;1,8715;5,435;3,5385;2,4;-1;-1
43;F;0;632;727;686;563;246;540;503;624,5;613,25;0,12;1,875;4,3;3,4695;4,7;-1;-1
44;F;3;837;850;534;535;393;0;532;534,5;652,2;0,17;1,8995;-1;2,2755;-1;-1;-1
45;F;2;526;526;574;844;437;0;532;709;638,25;0,31;1,903;2,5;1,6755;2,9;-1;-1
46;M;2;856;872;597;607;290;0;443;602;678,15;0,17;1,9205;-1;1,9065;-1;-1;-1
47;M;2;851;927;449;549;348;344;385;499;656,15;0,12;1,96;-1;1,63;-1;-1;-1
48;M;2;828;940;816;746;452;616;432;781;791,7;0,19;1,9805;5,28;1,56;4,5;-1;-1
49;M;3;837;900;597;669;381;505;517;633;718,3;0,12;2,128;2,8;2,0135;2,9;-1;-1
50;F;2;722;742;788;705;488;663;647;746,5;711,05;0,29;2,176;-1;2,057;-1;-1;-1
51;F;1;886;904;738;688;408;0;544;713;749,2;0,21;2,2045;5,895;1,8925;4,2;-1;-1
52;M;2;519;529;701;757;483;578;0;729;627,6;0,36;2,2495;2,4;2,204;3,4;-1;-1
53;M;2;519;529;701;757;483;578;0;729;627,6;0,36;2,2495;2,4;2,204;3,4;-1;-1
54;M;2;787;856;591;600;381;577;0;595,5;681,35;0,24;2,286;2;1,364;2,2;-1;-1
55;M;2;757;783;745;797;498;0;588;771;747,75;0,38;2,2985;2;2,078;2,7;-1;-1
56;M;2;886;888;726;679;422;474;448;702,5;733,75;0,21;2,302;5,095;1,798;2,4;-1;-1
57;M;2;671;676;651;705;487;556;524;678;661,7;0,43;2,386;4,1;4,1435;-1;-1;1,7
58;M;2;942;1000;591;563;363;549;0;577;723,4;0,17;2,443;4;2,8855;4;-1;-1
59;M;3;598;598;524;549;406;0;363;536,5;540,35;0,07;2,458;3,2;3,038;3,2;-1;-1
60;M;1;814;858;729;723;449;659;0;726;753,1;0,12;2,47;4,7;3,1735;5,295;-1;-1
61;F;2;628;628;591;513;393;0;468;552;556,3;0,1;2,4825;1,8;3,668;3,4;-1;-1
62;M;2;793;834;636;696;408;0;548;666;711,9;0,26;2,4945;5,235;2,33;3,4;-1;-1
63;M;2;644;644;686;688;393;564;504;687;643,05;0,33;2,505;4,7;5,047;-1;-1;3,5
64;M;2;644;644;686;688;393;564;504;687;643,05;0,33;2,505;4,7;5,047;-1;-1;3,5
65;M;2;779;823;745;705;449;0;502;725;718,7;0,36;2,5185;4,1;4,979;-1;-1;1,5
66;M;2;685;694;721;642;395;582;407;681,5;651,45;0,29;2,52;5;4,6525;-1;-1;2,3
67;M;3;814;819;722;738;422;0;502;730;728,9;0,29;2,5435;5,1;4,7975;-1;-1;4
68;F;2;622;622;582;607;395;0;515;594,5;590,7;0,07;2,574;2,4;4,399;-1;-1;3,1
69;M;1;757;757;554;731;498;0;436;642,5;682,55;0,48;2,596;4,7;3,087;5;-1;-1
70;M;1;594;594;651;731;395;638;0;691;642,1;0,12;2,6085;-1;2,751;-1;-1;-1
71;F;2;753;767;692;549;369;0;501;620,5;635,3;0,14;2,636;3,1;2,6055;4;-1;-1
72;M;2;752;804;600;616;406;396;376;608;651,9;0,05;2,654;-1;2,093;-1;-1;-1
73;M;2;752;804;600;616;406;396;376;608;651,9;0,05;2,654;-1;2,093;-1;-1;-1
74;F;2;951;1000;738;607;419;0;506;672,5;752,9;0,17;2,673;5,445;1,238;4,1;-1;-1
75;M;2;609;609;641;657;269;378;0;649;588,9;0,21;2,716;1,3;1,384;1;-1;-1
76;F;2;685;707;721;607;452;0;454;664;633,15;0,19;2,804;2;2,6975;4;-1;-1
77;F;1;643;643;633;688;422;0;431;660,5;625,5;0,29;2,843;4,3;5,3275;-1;-1;3,7
78;F;2;771;792;674;645;413;0;478;659,5;676,3;0,31;2,8795;4,6;5,014;-1;-1;2,1
79;M;2;643;643;689;844;466;0;674;766,5;712,2;0,5;2,8895;5;3,695;4,3;-1;-1
80;M;2;779;846;686;669;406;0;577;677,5;712,45;0,19;2,916;5,21;2,4735;4,7;-1;-1
81;M;2;713;712;701;797;450;0;581;749;714,55;0,36;2,9345;5,975;2,127;5,3;-1;-1
82;M;2;608;608;620;717;406;0;495;668,5;625,95;0,12;2,9545;-1;1,988;-1;-1;-1
83;M;2;708;710;686;593;393;0;483;639,5;627,9;0,12;2,9795;5,2;4,6035;-1;-1;4,7075
84;F;2;842;851;692;688;437;0;511;690;722,45;0,52;3,0015;5,175;3,2535;5,845;-1;-1
85;F;2;814;844;496;599;292;405;410;547,5;649,45;0,19;3,023;5,415;5,0045;-1;-1;5,025
86;F;2;837;884;591;642;290;0;498;616,5;697;0,24;3,025;5,04;5,7185;-1;-1;6,15
87;M;2;685;727;669;717;346;0;587;693;680,45;0,17;3,0505;4,4;4,836;-1;-1;3,3
88;F;2;870;936;589;642;366;0;461;615,5;715,8;0,21;3,0825;5,495;4,435;-1;-1;4
89;F;2;823;839;722;676;463;480;431;699;713,95;0,48;3,0835;2,9;2,4465;2,9;-1;-1
90;M;3;823;858;591;696;292;495;499;643,5;706,9;0,14;3,106;4,1;3,0305;4,1;-1;-1
91;M;1;594;594;816;879;551;0;635;847,5;717,9;0,5;3,1165;5,61;4,6675;-1;-1;4,1
92;M;2;613;613;697;717;463;0;618;707;650,8;0,36;3,1555;4;4;-1;-1;2,6
93;M;1;708;708;788;797;483;851;512;792,5;750,2;0,31;3,1905;3,7;2,9725;5;-1;-1
94;M;3;594;594;597;862;478;0;524;729,5;675,3;0,5;3,2045;4;3,58;5,215;-1;-1
95;F;2;685;685;600;679;450;0;488;639,5;642,95;0,33;3,2055;4;4,4205;-1;-1;1,9275
96;M;3;879;883;473;535;271;365;479;504;648,8;0,17;3,213;2,4;2,8835;4,6;-1;-1
97;F;2;828;896;489;642;434;402;363;565,5;687,1;0,17;3,2475;4;4,491;-1;-1;4,7
98;M;3;523;523;625;616;348;0;398;620,5;544,5;0,17;3,2555;4;5,251;-1;-1;3,1
99;M;3;523;523;625;616;348;0;398;620,5;544,5;0,17;3,2555;4;5,251;-1;-1;3,1
100;M;3;729;765;489;657;450;0;515;573;655,25;0,36;3,2615;1;2,135;1,9;-1;-1
101;M;2;495;497;722;844;498;0;579;783;649;0,45;3,2855;3,7;5,276;-1;-1;2
102;M;2;771;809;584;679;348;495;418;631,5;682,75;0,17;3,298;4;3,953;-1;-1;2,6
103;M;2;613;613;584;505;408;0;410;544,5;541,75;0,1;3,319;4,6;4,7225;-1;-1;4
104;F;3;779;784;625;761;363;410;585;693;718,6;0,33;3,3375;4,2;2,1175;-1;-1;3,4
105;M;2;801;851;378;563;348;365;0;470,5;624,15;0,17;3,3765;-1;5,728;-1;-1;-1
106;M;3;942;966;891;631;413;659;0;761;780,5;0,4;3,382;4,3;3,732;5,765;-1;-1
107;F;2;671;676;584;642;452;0;456;613;621,2;0,29;3,404;5,16;2,8595;-1;-1;2,2
108;M;3;680;682;696;628;434;0;515;662;635,2;0,21;3,4215;4,8;4,8945;-1;-1;3,4
109;M;2;582;582;663;679;444;368;499;671;608,85;0,33;3,4255;5;4,4;-1;-1;4,6555
110;M;2;680;680;551;575;385;0;478;563;595,4;0,17;3,492;1,4;2,107;-1;-1;1,7
111;M;2;736;736;563;669;452;498;499;616;657,35;0,1;3,4985;1,3;3,6495;4;-1;-1
112;M;2;736;736;563;669;452;498;499;616;657,35;0,1;3,4985;1,3;3,6495;4;-1;-1
113;M;2;871;934;696;785;393;474;423;740,5;778,7;0,4;3,505;4,9;4,325;-1;-1;3,7
114;F;2;856;891;620;642;395;0;521;631;711,45;0,33;3,5135;4;4,1575;-1;-1;3,2
115;M;2;842;931;676;705;434;520;483;690,5;751,55;0,19;3,5325;4,1;3,7565;4,5;-1;-1
116;M;3;680;682;591;642;379;438;490;616,5;624,35;0,33;3,546;5,1;4,522;-1;-1;1,6
117;M;2;785;829;745;696;450;0;567;720,5;724,5;0,17;3,567;4;1,9135;3,4;-1;-1
118;M;2;765;771;651;593;395;0;496;622;649,8;0,36;3,5705;-1;2,526;-1;-1;-1
119;M;3;636;632;837;862;478;0;580;849,5;720,5;0,38;3,5735;1,7;3,665;2,2;-1;-1
120;M;2;643;643;721;642;381;388;494;681,5;622,45;0,05;3,5865;1,4;0,504;1,8;-1;-1
121;M;3;636;636;738;785;312;0;557;761,5;674,25;0,48;3,587;4;2,029;5,24;-1;-1
122;M;3;636;636;738;785;312;0;557;761,5;674,25;0,48;3,587;4;2,029;5,24;-1;-1
123;M;2;526;526;576;761;428;0;448;668,5;600,55;0,26;3,594;3,5;5,1385;-1;-1;4,1
124;M;2;526;526;576;761;428;0;448;668,5;600,55;0,26;3,594;3,5;5,1385;-1;-1;4,1
125;F;3;842;857;676;657;381;454;557;666,5;713,6;0,26;3,605;2,3;3,666;1,5;-1;-1
126;M;2;356;364;714;607;379;0;586;660,5;506,2;0,19;3,6135;1,6;4,908;-1;-1;1
127;M;2;851;908;759;669;346;0;551;714;739,95;0,17;3,6145;5,5;4,731;-1;-1;3,5
128;M;1;771;772;641;688;363;699;494;664,5;701,65;0,5;3,651;4,2;4,721;-1;-1;4
129;M;2;752;788;600;705;496;0;510;652,5;694,15;0,21;3,682;5,26;5,6655;-1;-1;4,9
130;M;2;842;870;656;785;419;384;410;720,5;747,5;0,31;3,7205;5,25;4,5485;-1;-1;4
131;M;2;814;842;726;657;422;609;560;691,5;718,55;0,19;3,729;5,235;5,2035;-1;-1;4,2
132;M;3;622;622;651;657;379;0;541;654;616,9;0,19;3,733;2,4;1,875;4,1;-1;-1
133;M;3;699;699;754;731;330;0;636;742,5;690,95;0,31;3,7395;4,4;3,426;6,08;-1;-1
134;M;2;893;911;679;746;395;591;512;712,5;770,45;0,17;3,74;5;5,0855;-1;-1;5,3
135;M;3;771;771;738;773;452;591;581;755,5;734,45;0,4;3,7615;5,2;4,2885;-1;-1;4,6
136;M;2;785;793;775;827;498;0;428;801;751,05;0,64;3,7755;4,1;4,0455;-1;-1;1,4
137;M;2;793;804;473;628;328;502;383;550,5;654,2;0,1;3,8315;4;2,3085;4;-1;-1
138;M;2;793;804;473;628;328;502;383;550,5;654,2;0,1;3,8315;4;2,3085;4;-1;-1
139;M;2;799;916;696;679;381;0;488;687,5;729,8;0,4;3,839;1,3;5,0165;-1;-1;1,3
140;F;2;699;716;591;498;346;411;502;544,5;585,6;0,29;3,951;-1;4,979;-1;4,9;4,97
141;F;3;856;861;576;705;366;0;504;640,5;716,95;0,36;3,952;-1;5,1105;-1;3,8;3,4
142;F;2;808;818;524;669;419;0;460;596,5;679,7;0,21;3,96;-1;5,29;-1;4,3;4
143;M;1;722;722;506;696;422;0;489;601;653;0,45;3,9605;-1;3,686;5,25;5,29;-1
144;M;1;722;722;506;696;422;0;489;601;653;0,45;3,9605;-1;3,686;5,25;5,29;-1
145;M;3;572;572;701;715;444;0;530;708;624,35;0,52;3,9695;-1;3,973;-1;4;2,3
146;M;3;572;572;701;715;444;0;530;708;624,35;0,52;3,9695;-1;3,973;-1;4;2,3
147;F;2;742;752;641;669;422;496;594;655;678,55;0,43;3,974;-1;4,17;-1;-1;4,1
148;M;2;680;680;489;535;408;388;432;512;571,75;0,1;3,978;-1;3,6495;4,96;2,5;-1
149;M;2;601;619;679;705;406;0;494;692;630,15;0,31;3,9785;-1;2,646;-1;1,4;1,9
150;F;2;823;844;641;549;346;498;500;595;659,05;0,19;3,9815;-1;4,293;-1;4,5;3,2
151;M;3;657;657;689;785;452;520;544;737;683,45;0,29;3,983;-1;3,9965;-1;5,3;3,7
152;M;3;657;657;689;785;452;520;544;737;683,45;0,29;3,983;-1;3,9965;-1;5,3;3,7
153;M;2;664;664;692;790;463;0;575;741;691,95;0,21;3,985;-1;2,568;3;1,9;-1
154;F;2;823;846;600;593;330;520;0;596,5;672,15;0,21;3,985;-1;4,22;-1;4,578;4,8
155;M;2;742;753;830;790;488;669;644;810;750,9;0,5;3,9855;-1;3,9775;-1;4,7;4,3
156;M;2;886;897;686;642;328;577;370;664;725,1;0,26;3,9915;-1;4,1915;-1;-1;4,237
157;F;2;652;680;551;585;395;0;458;568;594,6;0,14;3,993;-1;1,876;4;3,3;-1
158;F;2;893;930;686;593;248;424;456;639,5;702,45;0,02;3,9965;-1;4,0115;-1;5,03;4,4
159;M;3;751;771;574;695;459;480;467;634,5;678;0,19;3,997;-1;4,97;-1;4,6;4
160;M;2;808;836;775;773;466;0;592;774;762,15;0,29;4;-1;4,794;-1;5,706;4,5
161;M;2;736;736;714;827;580;0;493;770,5;733,55;0,55;4,001;-1;3,252;4;2,5;-1
162;M;2;765;772;619;616;428;0;535;617,5;660,5;0,05;4,001;-1;3,0205;-1;3,6;2,7
163;M;2;771;823;774;680;434;0;603;727;721,4;0,36;4,0025;-1;2,7325;4;4;-1
164;M;1;742;750;721;593;381;393;0;657;637,2;0,29;4,0035;-1;3,7065;4,1;1,9;-1
165;F;2;865;909;667;696;463;0;565;681,5;749,15;0,17;4,004;-1;5,2965;-1;4,8;5,23
166;M;1;708;708;589;705;561;0;548;647;671,7;0,33;4,0145;-1;4,418;-1;4;1,7
167;M;2;751;791;711;746;537;0;589;728,5;730,35;0,64;4,0155;-1;5,3315;-1;5,21;4,6
168;M;3;771;771;669;705;381;430;488;687;689,9;0,24;4,017;-1;5,534;-1;3,5;4,5
169;M;1;879;905;721;773;419;0;508;747;773,8;0,26;4,0185;-1;5,425;-1;5,145;3,7
170;M;3;694;694;625;642;363;0;496;633,5;632,55;0,5;4,035;-1;2,6985;-1;5;4,98
171;M;2;837;893;607;688;422;0;593;647,5;733,5;0,38;4,0825;-1;4,986;-1;5,12;5,075
172;F;2;808;906;676;549;393;484;0;612,5;680,4;0,14;4,09;-1;4,499;-1;4;2,9
173;M;1;793;807;636;593;434;582;584;614,5;672,65;0,17;4,0915;-1;4,4905;-1;3,6;3
174;F;2;680;683;770;717;366;598;494;743,5;678,95;0,33;4,1015;-1;3,4725;4,4;2,8;-1
175;M;2;870;909;738;696;330;619;482;717;755,5;0,26;4,1125;-1;5,316;-1;5,4;5,5
176;M;2;519;519;600;705;348;0;524;652,5;584,15;0,4;4,114;-1;4,6405;-1;5,53;3,1
177;M;2;900;928;738;773;406;556;580;755,5;791,05;0,38;4,125;-1;6,29;-1;1,4;2,1725
178;M;2;780;886;611;642;381;0;389;626,5;687,55;0,1;4,1265;-1;4,877;-1;4,98;5,575
179;F;2;828;837;759;731;328;445;418;745;726,55;0,14;4,127;-1;3,262;-1;4;4,97
180;M;1;622;627;551;679;379;0;503;615;612,3;0,52;4,1305;-1;3,36;-1;5,517;4,184
181;M;1;622;627;551;679;379;0;503;615;612,3;0,52;4,1305;-1;3,36;-1;5,517;4,184
182;M;2;886;932;676;688;466;505;0;682;750,4;0,24;4,159;-1;3,6255;5,93;5,4;-1
183;M;2;900;925;600;717;330;632;0;658,5;758,15;0,52;4,1705;-1;5,1;-1;-1;-1
184;M;2;799;817;582;844;498;0;498;713;753,3;0,19;4,176;-1;4,4495;-1;4,6;3,665
185;F;2;886;925;600;657;408;495;515;628,5;727,95;0,38;4,1775;-1;4,5915;-1;5,1;4,8
186;M;2;779;797;788;785;413;0;519;786,5;743,1;0,38;4,188;-1;2,24;5,7;4;-1
187;M;2;757;796;802;731;408;0;585;766,5;729,45;0,48;4,195;-1;4,4585;-1;5,255;4,2
188;M;2;686;723;679;681;381;489;492;680;660;0,33;4,197;-1;2,7545;-1;1,9;1
189;M;2;686;723;679;681;381;489;492;680;660;0,33;4,197;-1;2,7545;-1;1,9;1
190;F;2;779;815;689;642;379;0;535;665,5;688,45;0,31;4,197;-1;2,5305;-1;5,38;5,125
191;M;3;671;688;759;746;395;0;569;752,5;687,15;0,38;4,198;-1;4,978;-1;4,9;4,2
192;M;1;742;761;754;623;399;0;515;688,5;667,4;0,12;4,2085;-1;4,4545;-1;4,5;4,5015
193;M;1;742;761;754;623;399;0;515;688,5;667,4;0,12;4,2085;-1;4,4545;-1;4,5;4,5015
194;M;3;779;789;754;746;395;0;617;750;732,55;0,26;4,211;-1;5,2845;-1;4,97;5
195;F;2;757;843;611;731;507;0;550;671;725,9;0,36;4,213;-1;2,996;-1;2,6;2,6
196;M;2;628;630;576;688;309;489;447;632;614,55;0,24;4,2165;-1;4,8175;-1;4;3
197;M;2;742;752;699;761;408;609;0;730;717,35;0,31;4,217;-1;5,248;-1;3;3,8
198;M;3;870;899;788;688;487;0;573;738;757,95;0,31;4,2185;-1;2,676;4,4;3;-1
199;M;1;613;613;816;679;444;591;478;747,5;645,75;0,33;4,2245;-1;4,6035;-1;1,9;1,2135
200;M;1;613;613;816;679;444;591;478;747,5;645,75;0,33;4,2245;-1;4,6035;-1;1,9;1,2135
201;M;2;907;948;591;680;381;0;426;635,5;733,85;0,21;4,228;-1;4,422;-1;4,6;4,6
202;M;3;587;587;689;753;475;0;633;721;654,3;0,36;4,2395;-1;5,3685;-1;3,9;4,8
203;M;2;636;639;565;612;449;0;412;588,5;589,65;0,52;4,2545;-1;4,9755;-1;1,2;2
204;M;1;842;843;701;588;369;550;0;644,5;686,45;0,1;4,258;-1;4,049;-1;-1;-1
205;M;2;994;1000;641;616;330;540;0;628,5;749,6;0,38;4,279;-1;2,9785;-1;5,045;4,7
206;M;2;823;877;738;705;434;591;0;721,5;746,75;0,12;4,283;-1;4,943;-1;4,912;3,8
207;F;2;886;897;454;607;379;445;372;530,5;679;0,14;4,295;-1;5,4035;-1;4,96;5,02
208;M;2;765;793;620;761;498;0;508;690,5;718,45;0,21;4,296;-1;4,463;-1;4,9265;4,3
209;F;2;928;955;714;585;434;0;497;649,5;726,85;0,29;4,2995;-1;5,0965;-1;5,74;5,2
210;F;2;699;708;679;761;434;0;584;720;696,65;0,52;4,3015;-1;5,6755;-1;-1;5,07
211;M;3;709;775;696;665;381;496;504;680,5;675,2;0,31;4,3055;-1;4,103;-1;4,4;4
212;M;3;709;775;696;665;381;496;504;680,5;675,2;0,31;4,3055;-1;4,103;-1;4,4;4
213;M;2;793;818;491;861;452;460;0;676;743,75;0,48;4,306;-1;4,668;-1;4,5;4
214;M;3;699;699;491;680;348;454;0;585,5;629,5;0,29;4,3085;-1;4,995;-1;5,24;5,2
215;F;2;722;727;738;669;450;502;500;703,5;670,95;0,29;4,3085;-1;4,5155;-1;4,6;4,6
216;M;2;519;522;816;631;410;574;501;723,5;588,85;0,24;4,309;-1;4,301;-1;4,7;4,8
217;M;2;519;522;816;631;410;574;501;723,5;588,85;0,24;4,309;-1;4,301;-1;4,7;4,8
218;M;2;736;766;590;637;351;0;502;613,5;653,1;0,07;4,333;-1;4,993;-1;4,955;5,235
219;M;2;736;766;590;637;351;0;502;613,5;653,1;0,07;4,333;-1;4,993;-1;4,955;5,235
220;F;2;799;880;711;600;346;526;479;655,5;694,9;0,24;4,338;-1;3,5795;4,98;4;-1
221;M;1;757;757;589;917;563;514;503;753;762,2;0,64;4,3435;-1;5,25;-1;3,557;4,7
222;M;2;870;945;434;593;330;0;372;513,5;675,15;0,19;4,36;-1;4,7885;-1;3,7;4,5
223;M;2;765;769;742;797;466;712;0;769,5;754,85;0,26;4,363;-1;5,234;-1;4,941;4,5
224;M;2;842;880;775;700;413;638;597;737,5;755,15;0,26;4,368;-1;3,382;5,69;5,325;-1
225;M;3;695;714;651;669;366;388;438;660;645,05;0,1;4,3755;-1;3,2375;-1;3,7;4
226;M;3;695;714;651;669;366;388;438;660;645,05;0,1;4,3755;-1;3,2375;-1;3,7;4
227;F;2;551;551;496;688;452;492;562;592;589,6;0,52;4,421;-1;3,9615;-1;2;1,4
228;M;3;685;685;696;576;393;515;415;636;616,35;0,17;4,4285;-1;3,36;-1;5;4,4
229;M;3;685;685;696;576;393;515;415;636;616,35;0,17;4,4285;-1;3,36;-1;5;4,4
230;M;3;685;685;696;576;393;515;415;636;616,35;0,17;4,4285;-1;3,36;-1;5;4,4
231;M;2;722;725;726;844;422;0;581;785;736,9;0,52;4,4315;-1;3,773;-1;4;4,2
232;M;2;907;915;584;811;379;502;582;697,5;784,6;0,29;4,4405;-1;4,7685;-1;3,6695;4,7
233;M;3;599;602;701;761;475;0;524;731;653,1;0,52;4,4645;-1;5,232;-1;4,96;5,175
234;M;3;599;602;701;761;475;0;524;731;653,1;0,52;4,4645;-1;5,232;-1;4,96;5,175
235;M;2;965;1000;686;705;312;489;0;695,5;776,35;0,48;4,4705;-1;5,0155;-1;5,285;3,3
236;M;2;736;754;567;731;464;0;456;649;681,15;0,5;4,4795;-1;5,162;-1;5,4;5,105
237;M;2;736;754;567;731;464;0;456;649;681,15;0,5;4,4795;-1;5,162;-1;5,4;5,105
238;F;2;851;877;679;628;292;0;413;653,5;691,8;0,26;4,4805;-1;5,295;-1;5,845;5,41
239;M;1;828;835;770;811;573;0;598;790,5;782,6;0,48;4,496;-1;5,39;-1;5,2;4
240;M;3;727;733;476;669;393;0;498;572,5;643,8;0,4;4,499;-1;4,96;-1;4,9935;5,6
241;M;3;694;698;850;700;422;595;539;775;689,4;0,33;4,5025;-1;4,853;-1;4,4;4,4
242;M;2;722;722;641;607;450;0;515;624;639,35;0,24;4,505;-1;3,972;-1;4,06;3,5
243;M;2;722;722;641;607;450;0;515;624;639,35;0,24;4,505;-1;3,972;-1;4,06;3,5
244;M;2;636;636;589;731;444;0;490;660;640,35;0,57;4,505;-1;5,192;-1;5,24;5,2
245;M;2;636;636;589;731;444;0;490;660;640,35;0,57;4,505;-1;5,192;-1;5,24;5,2
246;M;1;900;911;563;680;450;0;462;621,5;726,3;0,48;4,53;-1;5,121;-1;5,375;4,8
247;F;4;900;905;801;642;444;0;519;721,5;740,4;0,45;4,5395;-1;4,4225;-1;4,6;4,3
248;M;2;842;903;679;688;271;540;524;683,5;731,35;0,12;4,548;-1;4,988;-1;4,7;2,7
249;F;3;870;901;473;669;366;0;495;571;706,55;0,43;4,557;-1;4,476;-1;4;4,1
250;M;1;799;809;834;926;547;0;647;880;822,15;0,62;4,572;-1;4,403;-1;4;2,2
251;M;2;713;764;551;554;413;391;0;552,5;609,25;0,12;4,5825;-1;5,3375;-1;4,9;5,005
252;M;2;799;869;801;811;496;0;656;806;794,95;0,36;4,6015;-1;5,4685;-1;5,12;5
253;M;2;694;703;663;607;413;480;468;635;627,7;0,05;4,6025;-1;4,43;-1;4,1;4
254;M;2;694;703;663;607;413;480;468;635;627,7;0,05;4,6025;-1;4,43;-1;4,1;4
255;M;3;595;667;801;909;661;0;657;855;756,6;0,57;4,609;-1;5,0315;-1;3,3;1,9
256;F;2;951;969;641;731;487;0;520;686;782,1;0,24;4,6155;-1;5,908;-1;5,145;4,2
257;M;1;636;636;742;717;452;0;580;729,5;660,15;0,57;4,6425;-1;4,9755;-1;5,9;5
258;M;1;636;636;742;717;452;0;580;729,5;660,15;0,57;4,6425;-1;4,9755;-1;5,9;5
259;F;2;757;768;816;773;560;0;589;794,5;745,15;0,38;4,6665;-1;5,044;-1;5,04;4,2
260;M;2;828;886;633;785;466;0;524;709;762,35;0,26;4,672;-1;5,327;-1;4,965;5,1
261;M;2;851;871;597;705;381;549;506;651;726,8;0,14;4,6745;-1;6,068;-1;4,1;3,5545
262;F;3;928;1000;656;705;408;0;506;680,5;776,15;0,33;4,69;-1;5,021;-1;1,2;1,2
263;M;2;742;779;742;746;406;565;711;744;734,6;0,4;4,7005;-1;3,6505;-1;4,9365;4
264;M;3;685;695;774;785;487;0;560;779,5;709,5;0,4;4,7005;-1;4,985;-1;6,515;6
265;M;2;765;789;524;773;419;0;550;648,5;712,1;0,36;4,714;-1;4,972;-1;4,98;4,4
266;M;3;694;694;600;746;522;0;560;673;680,8;0,5;4,7175;-1;6,386;-1;5,6;6,1
267;F;2;742;749;611;731;366;460;433;671;680,15;0,36;4,7345;-1;2,5585;-1;2,3;1,9
268;M;3;685;684;833;917;476;0;671;875;768,85;0,64;4,7355;-1;5,0225;-1;-1;-1
269;M;3;865;874;770;692;385;0;501;731;737,25;0,29;4,744;-1;4,044;-1;5,25;5,2
270;M;2;856;938;775;743;385;0;586;759;782,4;0,38;4,752;-1;6,0895;-1;5,1;4,8
271;F;3;751;757;788;616;366;0;557;702;670,6;0,26;4,7645;-1;5,59;-1;4,2;3,4
272;M;2;757;785;506;669;348;0;403;587,5;653,65;0,17;4,7645;-1;2,9505;-1;5,67;5
273;M;2;757;785;506;669;348;0;403;587,5;653,65;0,17;4,7645;-1;2,9505;-1;5,67;5
274;M;3;757;780;563;705;328;0;515;634;680,65;0,33;4,772;-1;5,535;-1;4,2;4,4
275;F;2;771;798;663;785;413;0;582;724;736,4;0,52;4,7775;-1;5,121;-1;5,285;4,2
276;M;2;765;883;591;535;292;468;500;563;652,35;0,12;4,786;-1;5,985;-1;4,1;4,1
277;F;3;757;757;738;628;419;0;516;683;668,95;0,52;4,815;-1;3,612;-1;4,97;2,8
278;M;2;622;625;669;688;309;460;524;678,5;625,25;0,38;4,8165;-1;5,728;-1;4,4;4,2
279;M;2;622;625;669;688;309;460;524;678,5;625,25;0,38;4,8165;-1;5,728;-1;4,4;4,2
280;M;2;942;978;689;696;381;534;567;692,5;775,85;0,26;4,826;-1;5,379;-1;5,11;5,46
281;F;2;785;833;689;785;444;0;580;737;752,25;0,55;4,829;-1;5,3245;-1;5,545;4,975
282;M;2;793;813;707;773;476;502;503;740;738,55;0,33;4,8505;-1;4,83;-1;5,5;4,8
283;F;1;765;785;687;844;434;0;506;765,5;748,4;0,55;4,856;-1;2,8185;4,9;4,9;-1
284;M;2;814;830;770;897;563;0;635;833,5;813;0,48;4,8575;-1;5,75;-1;5,34;4,3
285;M;1;664;666;620;897;571;520;0;758,5;722,7;0,48;4,865;-1;2,8875;-1;5,05;4
286;F;2;937;997;665;599;381;492;484;632;737,2;0,33;4,875;-1;5,715;-1;5,1;4
287;F;2;727;734;656;761;422;0;496;708,5;695,55;0,38;4,9015;-1;5,286;-1;5,2145;4,9
288;F;3;828;833;721;827;464;495;582;774;775,65;0,45;4,9195;-1;3,971;-1;5,2;4,2
289;M;1;757;757;633;628;437;492;503;630,5;658,05;0,26;4,928;-1;4,681;-1;5;4,7
290;F;2;815;842;678;700;449;0;570;689;726,35;0,4;4,9395;-1;5,192;-1;4,955;4,4
291;M;2;814;845;679;731;450;0;508;705;731,95;0,26;4,943;-1;4,895;-1;4,2;3,1
292;M;3;799;799;721;746;346;0;495;733,5;719,6;0,36;4,95;-1;3,8535;-1;5,04;4,6
293;M;2;771;787;676;680;395;602;357;678;698,75;0,19;4,96;-1;5,345;-1;4,2;4
294;M;2;771;787;676;680;395;602;357;678;698,75;0,19;4,96;-1;5,345;-1;4,2;4
295;M;2;736;786;788;778;475;0;630;783;747,25;0,57;4,961;-1;3,6155;-1;5,175;4,2615
296;F;2;823;918;665;607;346;0;498;636;703,75;0,1;4,965;-1;5,281;-1;5;5,083
297;M;2;708;708;591;761;393;0;428;676;671,1;0,24;4,965;-1;5,215;-1;5,015;4,5
298;M;3;736;769;656;797;472;0;538;726,5;726,25;0,5;4,965;-1;4,7205;-1;5,56;5
299;F;1;680;680;620;679;452;0;435;649,5;637,75;0,31;4,9685;-1;4,19;-1;5,45;3,2
300;M;2;628;634;623;827;561;493;576;725;690,4;0,52;4,9685;-1;6,028;-1;5,985;4,5
301;M;1;742;753;669;761;363;0;496;715;701,1;0,4;4,9755;-1;4,2675;-1;4,8;3,6
302;F;3;801;841;651;688;309;480;438;669,5;701,75;0,17;4,9755;-1;4,6275;-1;4,96;4
303;M;2;793;832;563;505;369;0;442;534;624,6;0,07;4,9755;-1;4,342;-1;5,1;5,55
304;M;2;793;832;563;505;369;0;442;534;624,6;0,07;4,9755;-1;4,342;-1;5,1;5,55
305;M;2;608;608;667;657;408;0;490;662;609,25;0,31;4,9755;-1;5,3315;-1;6,31;6,3
306;M;2;608;608;667;657;408;0;490;662;609,25;0,31;4,9755;-1;5,3315;-1;6,31;6,3
307;M;2;814;859;689;642;406;632;536;665,5;716,2;0,19;4,98;-1;5,4105;-1;5,05;5,1
308;M;2;488;488;667;657;393;0;489;662;560,4;0,14;4,9825;-1;5,37;-1;4;4,3
309;F;2;599;599;496;680;309;430;425;588;585,65;0,17;4,9825;-1;5,5;-1;4,3;3,5
310;M;2;856;868;620;746;450;0;515;683;743,1;0,33;4,9825;-1;5,7035;-1;5,055;4,2
311;M;2;779;835;607;669;309;0;443;638;683;0,17;4,986;-1;4,242;-1;5,665;4,8
312;M;2;613;675;686;731;478;0;584;708,5;670,55;0,4;5,007;-1;3,5375;4,4;1,441;-1
313;F;3;785;811;761;717;246;605;541;739;721,65;0,26;5,007;-1;4,183;-1;5,2;3,5
314;M;2;1000;1000;729;688;434;0;548;708,5;790,2;0,43;5,0105;-1;3,7935;5,3;2,7;-1
315;F;3;837;849;738;585;366;496;500;661,5;685,25;0,29;5,0105;-1;5,686;-1;5,155;5,43
316;M;2;779;831;596;607;408;303;501;601,5;669,75;0,21;5,02;-1;5,307;-1;4,8;5,05
317;M;3;771;783;576;688;522;0;503;632;686,8;0,64;5,02;-1;5,135;-1;5,285;5,455
318;M;3;551;551;651;628;381;344;0;639,5;558,75;0,05;5,0275;-1;4,5;-1;4,2;4
319;F;2;880;948;600;717;408;468;476;658,5;751,35;0,26;5,028;-1;4,522;-1;4,6;3,6
320;F;2;951;1000;582;600;393;0;494;591;732,35;0,19;5,0315;-1;5,621;-1;4,124;5,11
321;M;3;713;713;742;731;496;613;456;736,5;701,35;0,43;5,035;-1;3,318;-1;4,447;3,5
322;M;3;713;713;742;731;496;613;456;736,5;701,35;0,43;5,035;-1;3,318;-1;4,447;3,5
323;M;2;599;599;759;696;363;0;503;727,5;627,55;0,17;5,038;-1;4,265;-1;3,8175;4,2
324;M;2;599;599;759;696;363;0;503;727,5;627,55;0,17;5,038;-1;4,265;-1;3,8175;4,2
325;M;2;870;883;611;657;408;0;468;634;710,15;0,31;5,05;-1;3,786;4,2;4,3;-1
326;M;2;785;929;729;645;472;0;611;687;740,55;0,29;5,0565;-1;5,4035;-1;5,625;5,635
327;F;3;713;713;625;593;292;0;418;609;611,65;0,26;5,063;-1;4,4945;-1;2,3;1,4
328;M;2;685;687;496;844;498;0;498;670;694,3;0,38;5,0685;-1;5,8105;-1;4,96;4,96
329;M;3;771;782;597;563;406;402;0;580;628,95;0,29;5,072;-1;5,0685;-1;4,9;4,7
330;M;3;771;782;597;563;406;402;0;580;628,95;0,29;5,072;-1;5,0685;-1;4,9;4,7
331;M;2;519;519;665;797;408;624;598;731;635,85;0,38;5,079;-1;5,0755;-1;4,7;4,9
332;M;2;519;519;665;797;408;624;598;731;635,85;0,38;5,079;-1;5,0755;-1;4,7;4,9
333;M;2;587;601;686;585;312;445;0;635,5;572,45;0,07;5,0825;-1;5,7595;-1;5,035;4,975
334;M;2;828;862;714;790;488;0;592;752;772,9;0,33;5,0895;-1;5,4;-1;4,9;5,255
335;M;2;757;760;754;731;478;0;506;742,5;709,45;0,48;5,093;-1;6,321;-1;5,39;5,38
336;M;3;765;776;707;844;507;520;570;775,5;757,75;0,45;5,1;-1;5,8965;-1;5,49;4,99
337;M;3;922;997;609;593;379;534;535;601;732,2;0,24;5,107;-1;4,812;-1;3,9715;3,4
338;F;2;727;755;600;773;483;0;520;686,5;705,9;0,43;5,107;-1;4,519;-1;4,1;3,6
339;M;2;567;567;563;731;452;0;436;647;605,15;0,36;5,1105;-1;3,7765;-1;5,2;5,125
340;M;2;793;807;708;738;434;0;585;723;730,7;0,4;5,1175;-1;4,979;-1;4;2,3
341;M;1;771;771;729;917;563;0;583;823;788,7;0,62;5,1245;-1;6,186;-1;4,4;4
342;M;3;757;757;761;695;472;0;563;728;702,05;0,19;5,128;-1;5,81;-1;5,325;5,085
343;F;2;842;895;689;731;395;0;548;710;752;0,24;5,13;-1;5,965;-1;4,995;4
344;M;2;727;801;745;717;486;0;491;731;711,85;0,48;5,1315;-1;5,8965;-1;5,92;4,5
345;F;2;736;765;738;862;422;595;594;800;759,2;0,45;5,163;-1;5,321;-1;4,6505;4,7
346;M;2;727;744;726;717;488;0;611;721,5;704,95;0,4;5,1645;-1;5,521;-1;5,2;4,7
347;M;2;727;744;726;717;488;0;611;721,5;704,95;0,4;5,1645;-1;5,521;-1;5,2;4,7
348;F;1;694;694;665;797;450;520;536;731;699,15;0,71;5,165;-1;5,665;-1;-1;-1
349;M;2;613;671;833;897;452;682;584;865;750,65;0,6;5,18;-1;5,505;-1;2,7;2,5
350;M;1;622;622;656;688;419;0;490;672;625,15;0,31;5,18;-1;5,0825;-1;5,235;5,365
351;M;1;622;622;656;688;419;0;490;672;625,15;0,31;5,18;-1;5,0825;-1;5,235;5,365
352;F;2;751;766;686;688;437;0;511;687;687,25;0,36;5,193;-1;6,21;-1;5,275;5,7
353;M;2;713;717;701;827;472;0;519;764;721,45;0,43;5,207;-1;5,8965;-1;3,7;4
354;F;2;956;990;625;554;459;0;482;589,5;720,15;0,36;5,2105;-1;3,9375;-1;5;5,785
355;M;2;699;699;699;939;571;570;643;819;771;0,69;5,2105;-1;4,1095;-1;5,385;5,19
356;F;2;856;898;674;688;496;0;517;681;739,7;0,62;5,2435;-1;5,7345;-1;4,4;2,0885
357;M;1;680;680;775;593;422;0;505;684;628,65;0,17;5,265;-1;5,2605;-1;4,2;5
358;M;2;622;622;582;785;434;438;0;683,5;647,25;0,5;5,2685;-1;5,5035;-1;3,4;5,06
359;F;3;785;787;625;657;466;0;606;641;690,95;0,45;5,2685;-1;5,514;-1;5,685;5,145
360;M;3;900;949;611;669;478;0;447;640;738,55;0,19;5,272;-1;5,74;-1;4,8;4,4
361;M;2;893;966;611;696;466;416;480;653,5;755,1;0,24;5,272;-1;5,0385;-1;4,985;4,95
362;M;1;708;708;683;785;444;480;601;734;708,55;0,6;5,275;-1;5,414;-1;4,965;4,4
363;M;1;708;708;683;785;444;480;601;734;708,55;0,6;5,275;-1;5,414;-1;4,965;4,4
364;M;2;879;914;620;705;487;0;575;662,5;752,7;0,45;5,2755;-1;5,421;-1;5,2;5,05
365;M;2;816;912;802;717;346;0;473;759,5;750,95;0,1;5,2825;-1;5,486;-1;5,5;4,5
366;M;2;727;741;620;746;478;0;462;683;688,2;0,36;5,286;-1;5,75;-1;5,18;4,1
367;M;2;765;791;651;688;290;393;506;669,5;684,8;0,4;5,286;-1;4,9685;-1;5,285;5,035
368;M;2;771;830;742;761;450;605;480;751,5;749,65;0,38;5,2895;-1;5,828;-1;5,5;5,1
369;M;4;731;797;802;785;395;0;642;793,5;751,1;0,31;5,2965;-1;4,6965;-1;3,69;4,4
370;M;2;551;551;651;785;504;0;585;718;643,95;0,48;5,3;-1;3,1185;-1;5;5,005
371;M;2;785;813;669;696;363;582;0;682,5;709,25;0,45;5,307;-1;5,2825;-1;4,99;5,725
372;M;1;793;800;834;861;561;608;601;847,5;792,9;0,69;5,3105;-1;5,475;-1;4,9;4,3
373;F;2;801;846;589;696;422;632;505;642,5;720,7;0,29;5,314;-1;5,6;-1;5,4625;5,17
374;M;1;742;793;788;659;444;0;671;723,5;710,85;0,52;5,3245;-1;5,0405;-1;4,3;4,1
375;M;2;636;636;589;705;464;0;411;647;624,35;0,4;5,3315;-1;5,5825;-1;5,4;5,525
376;M;2;928;983;600;669;346;0;497;634,5;748,85;0,21;5,3315;-1;4,979;-1;5,7;5,575
377;F;2;814;831;665;688;483;410;436;676,5;705,75;0,26;5,3575;-1;5,2755;-1;5,01;4,3
378;M;3;823;845;686;746;450;0;515;716;739,5;0,31;5,365;-1;4,327;-1;4,8;2,8
379;F;3;907;922;754;773;379;0;576;763,5;789,8;0,45;5,3825;-1;4,0215;-1;5,015;5,1
380;M;2;842;876;584;811;581;474;584;697,5;776,7;0,38;5,3825;-1;6,4245;-1;5,655;6,135
381;M;3;837;914;799;731;381;0;560;765;768,7;0,26;5,385;-1;5,215;-1;5,335;4,6895
382;M;3;829;910;584;642;406;556;544;613;714,9;0,17;5,3895;-1;4,591;-1;4,3;3,1
383;M;2;513;513;722;785;520;0;659;753,5;644,05;0,52;5,393;-1;6,4035;-1;5,115;5,1
384;M;2;587;610;654;657;419;0;535;655,5;611,5;0,24;5,395;-1;4,979;-1;5,065;5,25
385;M;2;587;610;654;657;419;0;535;655,5;611,5;0,24;5,395;-1;4,979;-1;5,065;5,25
386;F;2;694;698;774;879;582;514;592;826,5;752,15;0,52;5,3965;-1;5,565;-1;4,9;4,6
387;M;3;808;840;707;897;466;0;536;802;794,35;0,36;5,3965;-1;4,7785;-1;5,45;4,6
388;M;2;828;861;738;797;488;495;577;767,5;775,95;0,55;5,4;-1;6,405;-1;5,265;5,749
389;F;2;685;712;524;607;536;0;469;565,5;620,65;0,33;5,407;-1;4,836;-1;4,955;5,1
390;M;2;742;746;770;773;581;0;632;771,5;737,8;0,62;5,4105;-1;6,086;-1;5,375;5,5
391;M;2;808;819;651;679;408;0;415;665;691,15;0,43;5,414;-1;6,393;-1;3,6;5,6585
392;M;2;694;714;686;879;522;0;524;782,5;738,35;0,67;5,421;-1;6,121;-1;5,395;5,855
393;M;1;856;862;573;773;478;0;500;673;745,95;0,45;5,421;-1;6,2;-1;5,79;5,36
394;M;1;650;650;707;785;452;619;0;746;689,95;0,5;5,425;-1;4,2415;-1;4,5;2,9
395;M;3;942;1000;837;827;476;643;0;832;855,45;0,52;5,465;-1;5,1755;-1;5,065;4,955
396;F;2;851;878;815;679;346;605;544;747;745,45;0,26;5,465;-1;5,246;-1;5,605;5,38
397;F;2;851;900;669;761;395;0;548;715;762,9;0,4;5,4685;-1;5,379;-1;5,3;5,2
398;F;3;937;950;738;688;363;510;443;713;762,45;0,1;5,4685;-1;5,8315;-1;5,385;5,19
399;M;2;886;941;802;827;498;0;643;814,5;829,75;0,71;5,4685;-1;6,22;-1;4,7955;6,265
400;M;2;865;1000;596;679;498;654;575;637,5;774,05;0,43;5,47;-1;4,137;-1;5,12;5,23
401;M;2;842;866;775;834;506;0;578;804,5;796,5;0,69;5,472;-1;5,61;-1;5,3;4,4
402;M;2;865;907;701;802;475;0;580;751,5;791,15;0,4;5,472;-1;5,8;-1;5,595;6,405
403;M;3;837;842;656;717;476;0;560;686,5;732,65;0,43;5,475;-1;5,43;-1;4,955;5,2455
404;F;2;871;983;697;773;463;506;578;735;803,2;0,45;5,479;-1;5,965;-1;6,825;6,155
405;M;2;742;759;801;886;506;0;511;843,5;768,5;0,38;5,486;-1;5,5;-1;-1;4,6775
406;F;2;851;859;784;811;437;0;550;797,5;781,9;0,4;5,4895;-1;5,617;-1;5,655;4,8
407;M;2;694;699;636;642;346;703;443;639;655;0,17;5,5;-1;3,4825;-1;5,425;4,9
408;M;2;700;726;784;844;581;577;585;814;749,15;0,62;5,507;-1;5,386;-1;4,4;4,3
409;M;2;643;643;574;717;395;400;494;645,5;634,7;0,5;5,507;-1;5,914;-1;5,1;4,2
410;M;2;907;972;611;731;496;582;0;671;782,25;0,57;5,51;-1;5,6;-1;5,34;4,6
411;M;3;751;765;816;797;537;643;586;806,5;756,3;0,43;5,5105;-1;5,086;-1;5,305;5,28
412;M;2;895;996;591;797;419;460;484;694;795,7;0,45;5,514;-1;5,0315;-1;5,02;5
413;M;2;757;797;721;761;395;514;577;741;730,7;0,45;5,514;-1;4,5325;-1;5,775;5,265
414;M;3;837;841;738;746;498;0;652;742;761;0,31;5,5175;-1;5,57;-1;4,6;5,6
415;M;3;808;813;857;717;419;0;606;787;742,9;0,17;5,521;-1;4,2385;-1;5,77;5,915
416;M;3;771;771;554;773;507;0;503;663,5;710;0,5;5,5245;-1;5,6365;-1;5,275;4,95
417;M;2;972;1000;489;696;408;0;550;592,5;765,1;0,36;5,528;-1;5,965;-1;5,36;4,95
418;F;2;879;893;641;773;422;582;0;707;769,75;0,5;5,528;-1;3,479;-1;4,5;4,3
419;M;1;793;793;676;897;678;0;592;786,5;791,85;0,67;5,53;-1;5,428;-1;5,6;5,7
420;M;2;736;778;596;731;437;0;598;663,5;704,1;0,43;5,535;-1;4,018;-1;5,285;5,85
421;M;2;709;756;596;657;399;454;548;626,5;662;0,26;5,544;-1;5;-1;6,145;5,635
422;M;2;709;756;596;657;399;454;548;626,5;662;0,26;5,544;-1;5;-1;6,145;5,635
423;M;2;780;804;476;797;393;373;440;636,5;709,4;0,26;5,565;-1;5,5895;-1;5,35;3,5
424;M;2;657;658;754;963;582;0;598;858,5;764,45;0,74;5,565;-1;5,855;-1;5,425;4,975
425;M;1;914;949;699;607;363;0;584;653;735;0,31;5,572;-1;5;-1;5,425;5,11
426;M;2;851;859;788;811;422;0;550;799,5;781,55;0,45;5,579;-1;3,7205;-1;4,7;5,02
427;F;2;900;943;597;679;366;445;483;638;736,85;0,29;5,5825;-1;5,0685;-1;3,7;4,1
428;M;2;922;1000;707;705;419;0;581;706;788,7;0,45;5,5825;-1;5,6245;-1;5,21;6,175
429;M;2;880;988;679;642;395;0;527;660,5;749,45;0,31;5,5965;-1;4,0425;-1;5,15;5,145
430;M;2;650;679;574;827;488;0;541;700,5;694,05;0,38;5,6;-1;5,62;-1;5,065;5,2
431;M;3;837;877;711;797;366;0;498;754;764,95;0,52;5,6035;-1;5,825;-1;6,31;5,315
432;M;1;808;813;872;797;483;0;546;834,5;769,6;0,31;5,607;-1;5,7755;-1;5,77;5,105
433;M;2;722;731;582;897;507;0;620;739,5;751;0,5;5,6105;-1;4,2145;-1;1,3;2,5
434;M;2;799;803;679;827;463;0;584;753;759,7;0,64;5,6105;-1;5,079;-1;5,165;4,92
435;M;2;751;780;854;797;422;693;560;825,5;763,85;0,4;5,62;-1;6,345;-1;2,9;4,2
436;M;2;708;708;721;797;476;0;484;759;706,45;0,55;5,621;-1;5,965;-1;5,1;6,195
437;M;3;865;892;679;761;363;396;494;720;755,9;0,31;5,621;-1;5,786;-1;-1;-1
438;M;2;685;685;726;827;450;577;589;776,5;717,45;0,48;5,628;-1;6,0825;-1;5,105;5,305
439;M;3;628;627;576;811;508;0;524;693,5;670,15;0,67;5,628;-1;6,4035;-1;5,43;4,9
440;M;1;937;937;935;879;581;0;714;907;876,4;0,6;5,628;-1;6,465;-1;-1;4,9545
441;M;1;765;767;573;785;408;0;496;679;708,65;0,5;5,63;-1;6,279;-1;4,98;5,27
442;F;2;994;1000;784;862;487;0;704;823;874,25;0,5;5,635;-1;4,074;-1;5,32;5,01
443;F;2;837;874;689;811;476;0;666;750;789,05;0,55;5,66;-1;5,5;-1;4,5;5,633
444;M;2;870;889;692;785;452;587;560;738,5;778,95;0,55;5,662;-1;4,97;-1;5,4;4,6
445;M;2;709;836;697;588;569;489;504;642,5;676,05;0,24;5,665;-1;5,565;-1;5,275;5,455
446;M;3;671;672;633;696;437;0;502;664,5;647,65;0,45;5,679;-1;5,326;-1;4,5;4,98
447;M;3;671;672;633;696;437;0;502;664,5;647,65;0,45;5,679;-1;5,326;-1;4,5;4,98
448;M;2;736;736;775;844;496;0;585;809,5;750,6;0,64;5,679;-1;5,486;-1;6,02;4,97
449;M;2;736;767;853;861;509;673;673;857;783,1;0,57;5,68;-1;4,389;-1;6,055;5,81
450;M;1;685;685;729;844;504;496;572;786,5;724,7;0,74;5,6825;-1;5,314;-1;5,055;4,965
451;M;2;680;689;656;680;366;595;509;668;656,1;0,4;5,7035;-1;6,23;-1;4,6965;5,145
452;F;1;551;551;506;642;406;0;490;574;565;0,48;5,7035;-1;5,505;-1;5,45;4,9995
453;M;2;771;828;656;680;379;505;502;668;698,55;0,19;5,707;-1;5,61;-1;5,684;5,17
454;M;2;727;727;833;797;487;0;652;815;742,6;0,48;5,714;-1;5,18;-1;3,6;5,07
455;M;2;893;951;582;688;437;0;512;635;746,65;0,33;5,721;-1;5,0825;-1;6,495;5,775
456;F;2;671;693;742;731;422;0;506;736,5;676,75;0,21;5,735;-1;3,066;-1;4,3;4
457;M;2;870;892;678;834;434;0;433;756;779,3;0,79;5,75;-1;5,475;-1;4,8;4,2
458;M;2;837;863;636;897;676;0;589;766,5;812,85;0,83;5,765;-1;6,407;-1;5,102;5,3
459;M;2;837;945;815;680;393;0;436;747,5;749,95;0,38;5,7685;-1;4,438;-1;5,345;5,65
460;M;2;685;685;878;897;498;669;636;887,5;767,55;0,33;5,7685;-1;5,2175;-1;5,71;4,5
461;F;2;793;833;582;746;496;0;544;664;727,7;0,43;5,7685;-1;6,107;-1;5,88;5,945
462;M;2;608;608;790;917;556;654;586;853,5;736,35;0,38;5,7755;-1;2,0335;-1;4,97;5,915
463;M;2;856;870;636;746;498;0;520;691;748,2;0,38;5,7825;-1;5,3105;-1;5,5;4,7
464;M;2;837;921;759;705;363;709;517;732;771,7;0,38;5,7965;-1;5,828;-1;5,345;4,97
465;M;2;685;687;711;879;537;595;589;795;739,7;0,31;5,7965;-1;6,0755;-1;5,39;5,23
466;M;2;895;986;813;757;493;0;588;785;815;0,43;5,8035;-1;5,028;-1;5,1;4,9
467;F;2;914;1000;669;797;408;0;502;733;807,85;0,33;5,8105;-1;5,0315;-1;5,2;4,97
468;M;3;879;888;651;669;393;0;537;660;726,9;0,26;5,814;-1;4,849;-1;5,45;5,26
469;M;2;727;745;620;862;551;0;496;741;737,05;0,6;5,8175;-1;4,979;-1;5,955;4,4
470;F;2;765;831;701;585;363;438;493;643;668,1;0,17;5,82;-1;3,276;-1;5,1;5,1
471;M;2;951;981;563;657;379;0;510;610;745,6;0,6;5,8245;-1;6,2755;-1;5,825;6,65
472;M;2;742;856;519;535;419;0;350;527;626,1;0,07;5,828;-1;5,379;-1;6,05;5,555
473;M;2;799;841;537;657;381;0;419;597;676,8;0,43;5,8315;-1;5,907;-1;5,43;5,025
474;M;3;828;846;774;773;464;613;0;773,5;769,05;0,6;5,872;-1;6,693;-1;5,655;5,89
475;M;1;671;671;584;657;444;402;0;620,5;619,15;0,43;5,8755;-1;6,965;-1;5,19;5,975
476;F;2;771;784;774;785;434;489;0;779,5;735,05;0,48;5,8825;-1;6,3;-1;6,025;5,445
477;M;2;708;708;625;879;487;0;577;752;735,4;0,45;5,8895;-1;5,6895;-1;5,765;6,165
478;M;2;742;756;819;897;507;540;601;858;782,3;0,64;5,893;-1;6,31;-1;5,5;5,576
479;M;1;886;1000;819;989;657;693;0;904;918,8;0,69;5,893;-1;6,579;-1;5,705;5,6625
480;M;2;727;746;696;861;422;484;667;778,5;755,25;0,62;5,8965;-1;5,721;-1;5,725;6,045
481;F;2;893;981;788;879;582;0;569;833,5;856,05;0,64;5,8965;-1;5,71;-1;5,845;5
482;F;2;785;805;683;746;520;0;624;714,5;737,8;0,57;5,9035;-1;4,519;-1;5,36;4,4765
483;F;2;751;770;729;642;385;0;519;685,5;674,85;0,19;5,9105;-1;4,95;-1;4,97;5,6
484;M;2;922;952;576;607;395;510;0;591,5;718,6;0,14;5,9105;-1;3,2585;-1;5,775;5,29
485;F;1;823;830;726;827;537;0;533;776,5;773,5;0,48;5,9315;-1;3,997;-1;6,055;5,75
486;M;2;823;826;686;705;488;411;535;695,5;723,35;0,38;5,9685;-1;4,9825;-1;5;5,3
487;F;2;780;812;524;785;393;373;462;654,5;714,6;0,33;5,972;-1;5,807;-1;6,38;6,05
488;F;2;742;837;692;717;437;502;468;704,5;717,5;0,26;5,979;-1;5,9315;-1;4,8;4,5
489;M;2;558;558;759;939;582;0;647;849;721,55;0,57;5,986;-1;6,2035;-1;6;5,7
490;M;1;664;664;641;879;571;540;548;760;720,7;0,69;5,9895;-1;6,3175;-1;4,7;3,2
491;M;1;837;844;696;963;645;0;673;829,5;843,1;0,86;6,007;-1;6,4;-1;5,485;6,055
492;M;2;808;853;742;897;487;624;512;819,5;811,6;0,62;6,01;-1;6,685;-1;5,2;5,64
493;M;2;736;754;722;773;475;0;541;747,5;720,4;0,5;6,0175;-1;6,075;-1;4,985;5,655
494;M;1;708;708;770;705;395;0;576;737,5;684,3;0,4;6,0175;-1;6,128;-1;5,36;6,575
495;M;1;708;708;770;705;395;0;576;737,5;684,3;0,4;6,0175;-1;6,128;-1;5,36;6,575
496;M;2;837;890;597;642;393;0;503;619,5;705,05;0,26;6,021;-1;5,107;-1;5,5;4,385
497;M;2;880;939;584;811;464;0;517;697,5;786,85;0,6;6,021;-1;6,565;-1;5,92;6,3
498;M;2;567;567;623;778;518;0;545;700,5;641,8;0,24;6,03;-1;5,672;-1;5,225;5,1
499;M;2;567;567;623;778;518;0;545;700,5;641,8;0,24;6,03;-1;5,672;-1;5,225;5,1
500;F;2;742;769;582;717;406;498;413;649,5;684,15;0,62;6,0315;-1;6,0825;-1;4,95;5,69
501;M;2;622;622;697;897;532;0;671;797;726,15;0,64;6,0315;-1;5,6825;-1;6,165;6,565
502;F;2;900;952;770;696;422;0;479;733;765,2;0,33;6,0685;-1;5,165;-1;5,53;5,185
503;M;2;793;835;686;669;498;468;512;677,5;708,65;0,31;6,07;-1;5,779;-1;5,7;5,095
504;F;2;879;930;600;680;466;0;585;640;746,7;0,17;6,072;-1;5,965;-1;5,38;5,6
505;F;2;886;906;591;616;348;388;512;603,5;703,7;0,4;6,0825;-1;5,6645;-1;5,345;6,23
506;M;2;799;817;701;827;548;0;585;764;770,45;0,55;6,0895;-1;5,0035;-1;5,3;5,6
507;F;1;865;886;799;897;616;756;622;848;852,55;0,62;6,0895;-1;5,0105;-1;5,775;5,025
508;M;3;865;868;701;827;509;0;594;764;791,3;0,57;6,0965;-1;2,8595;-1;6,005;5,09
509;F;2;742;873;805;773;625;0;676;789;786;0,6;6,0965;-1;6,51;-1;5,625;5,415
510;M;2;729;749;611;705;408;438;590;658;684,85;0,48;6,0965;-1;6,545;-1;6,66;6,97
511;M;2;779;797;815;949;616;716;585;882;833,05;0,69;6,1;-1;6,872;-1;5,745;6,23
512;F;3;900;922;651;785;487;388;427;718;773,5;0,43;6,1005;-1;4,761;-1;4,9;5,4
513;M;2;870;885;563;669;348;498;577;616;718,05;0,45;6,105;-1;6,035;-1;5,55;5,855
514;F;3;842;861;850;827;487;0;686;838,5;809,9;0,48;6,114;-1;6,1525;-1;6,23;5,99
515;M;2;685;685;738;949;589;0;663;843,5;775,7;0,76;6,1175;-1;6,9685;-1;5,74;6,825
516;M;3;680;694;788;811;476;819;0;799,5;744,55;0,62;6,121;-1;6,115;-1;4,975;5,04
517;F;2;879;899;696;688;464;492;568;692;748;0,36;6,1245;-1;5,2965;-1;5,06;5,35
518;M;2;736;756;689;827;563;720;0;758;758,9;0,43;6,1245;-1;6,48;-1;5,64;6,745
519;F;2;699;699;759;761;496;0;546;760;701,25;0,52;6,155;-1;6,379;-1;6,195;6,25
520;M;2;613;613;726;879;703;0;601;802,5;720,7;0,93;6,1685;-1;6,9755;-1;5,18;5,375
521;M;2;709;764;754;746;363;0;623;750;717,05;0,21;6,172;-1;5,1755;-1;5,735;4,4
522;M;2;785;808;819;861;616;0;575;840;792,45;0,74;6,172;-1;4,9965;-1;5,79;5,359
523;M;2;907;1000;701;773;504;420;511;737;807,65;0,43;6,175;-1;6,479;-1;5,985;6,31
524;M;2;708;715;742;861;616;0;548;801,5;746,45;0,74;6,1965;-1;5,965;-1;5,28;5,71
525;M;2;865;895;620;731;406;0;406;675,5;733,75;0,52;6,2105;-1;6,105;-1;5,46;6,025
526;M;2;942;998;738;696;450;619;510;717;795,4;0,52;6,2105;-1;6,007;-1;5,465;5,07
527;M;2;837;919;625;785;422;388;0;705;756,55;0,48;6,2175;-1;5,672;-1;5,45;5,16
528;F;2;856;872;742;746;379;526;567;744;758,15;0,4;6,221;-1;5,3755;-1;5,45;5,395
529;M;1;842;848;611;785;476;480;544;698;752,65;0,48;6,2245;-1;5,9;-1;5,415;5,265
530;M;2;914;974;726;696;379;0;473;711;766,05;0,29;6,228;-1;5,121;-1;5;5,605
531;M;3;914;966;665;657;346;0;546;661;749,55;0,38;6,272;-1;5,396;-1;5,32;5,2
532;M;3;771;806;519;657;379;460;546;588;674,3;0,5;6,2755;-1;6,09;-1;5,375;5,68
533;M;2;479;479;755;869;563;0;585;812;657,9;0,74;6,3;-1;5,875;-1;5,84;5,085
534;M;2;479;479;755;869;563;0;585;812;657,9;0,74;6,3;-1;5,875;-1;5,84;5,085
535;M;2;668;668;678;811;532;0;654;744,5;710,85;0,67;6,3;-1;4,1895;-1;4,7;5,585
536;F;3;671;671;788;917;563;638;612;852,5;760,1;0,62;6,314;-1;6,1755;-1;4,272;6,051
537;M;1;842;843;656;827;571;0;567;741,5;777,4;0,62;6,3175;-1;6,172;-1;5,9;5,7
538;F;2;886;939;665;688;488;0;515;676,5;753,5;0,36;6,328;-1;5,65;-1;5,775;5,05
539;M;2;613;613;679;963;571;0;601;821;738,8;0,67;6,3315;-1;6,286;-1;6,475;6,365
540;M;2;622;622;600;862;537;460;484;731;685,75;0,76;6,3435;-1;6,5965;-1;5,26;6,38
541;M;2;837;860;692;753;504;0;661;722,5;765,75;0,69;6,365;-1;6,3;-1;6,05;6,16
542;M;2;657;659;689;688;487;0;601;688,5;657,55;0,45;6,3685;-1;5,853;-1;5,76;5,495
543;M;2;384;389;761;917;671;0;563;839;642;0,86;6,372;-1;4,768;-1;4,9;4,4
544;M;2;643;646;721;773;520;0;601;747;686,85;0,33;6,3895;-1;5,421;-1;5,3;5,57
545;F;2;823;851;754;879;657;0;567;816,5;810,2;0,57;6,393;-1;5,0175;-1;5,65;5
546;M;2;842;964;692;811;452;502;601;751,5;809,15;0,6;6,4035;-1;5,865;-1;5,21;4,7
547;M;2;793;801;815;879;534;438;618;847;797,25;0,57;6,41;-1;5,05;-1;5,79;4,6
548;M;2;785;792;726;917;408;0;581;821,5;788,15;0,57;6,4105;-1;5,9755;-1;6,16;5,645
549;M;2;934;967;759;963;582;0;679;861;893,45;0,9;6,4105;-1;6,821;-1;6,475;5,63
550;M;1;713;749;649;830;483;0;656;739,5;741,15;0,6;6,4105;-1;6,179;-1;-1;5,465
551;M;2;857;975;819;642;434;570;0;730,5;763,5;0,33;6,414;-1;5,5895;-1;4,97;5,655
552;M;2;765;828;816;746;379;578;648;781;751,35;0,4;6,421;-1;5,8895;-1;5,425;6,04
553;F;3;694;694;607;746;452;598;537;676,5;681,8;0,31;6,4315;-1;6,7245;-1;6,685;6,78
554;M;3;664;677;813;761;452;0;606;787;700,35;0,5;6,445;-1;6,2755;-1;5,76;6,075
555;M;1;757;754;638;797;548;446;548;717,5;726,85;0,48;6,472;-1;5,9105;-1;5,245;5,375
556;M;2;722;722;540;785;582;0;488;662,5;695,45;0,52;6,472;-1;6,3685;-1;5,31;4,9
557;M;2;779;799;656;785;488;570;580;720,5;740,35;0,5;6,4755;-1;5,872;-1;5,335;4,97
558;M;2;671;671;816;827;452;0;543;821,5;716,35;0,5;6,4755;-1;5,33;-1;5,745;4,9
559;M;2;628;628;742;879;601;335;606;810,5;723,7;0,64;6,48;-1;5,88;-1;5,6;6,872
560;M;2;779;915;872;659;444;0;622;765,5;754,65;0,74;6,4825;-1;7;-1;4,4;5,325
561;M;2;736;751;625;917;498;0;633;771;770,55;0,48;6,4825;-1;6,2105;-1;5,285;4,99
562;M;3;928;941;679;963;678;0;686;821;882,55;0,57;6,4825;-1;5,821;-1;6,475;6,36
563;M;2;880;973;857;844;478;0;586;850,5;843,5;0,48;6,485;-1;4,4345;-1;5,685;5,635
564;M;2;799;834;641;746;487;0;504;693,5;730,05;0,48;6,486;-1;4,5255;-1;5,275;5,88
565;M;2;879;926;607;761;452;598;461;684;775,15;0,45;6,5035;-1;6,093;-1;6,335;6,04
566;M;2;793;813;815;917;628;0;590;866;816,05;0,45;6,507;-1;6,5895;-1;5,375;6,18
567;M;2;879;936;576;688;520;489;569;632;750;0,6;6,514;-1;6,579;-1;5,69;6,095
568;M;2;808;810;819;844;522;0;585;831,5;785,7;0,62;6,5245;-1;7;-1;5,83;5,28
569;M;2;951;1000;745;659;385;535;530;702;773;0,12;6,565;-1;5,9315;-1;5,74;6,545
570;F;4;779;791;641;607;379;0;496;624;660,3;0,36;6,5755;-1;6,3965;-1;5,815;6,29
571;M;2;551;551;802;879;487;609;598;840,5;693,5;0,36;6,585;-1;4,1965;-1;5,435;4,5
572;M;1;608;608;633;731;475;368;369;682;623;0,31;6,593;-1;6,979;-1;5,945;6,23
573;M;2;586;586;759;811;520;632;502;785;683,35;0,62;6,6105;-1;4,879;-1;6,53;6,755
574;M;3;765;765;676;897;573;0;633;786,5;779,5;0,5;6,614;-1;6,5965;-1;6,16;5,7
575;M;3;722;739;738;797;464;0;691;767,5;738,95;0,43;6,621;-1;6,2895;-1;5,95;6,32
576;F;2;779;799;815;897;496;602;0;856;798,05;0,48;6,665;-1;6,921;-1;6,335;5,91
577;M;2;907;988;726;811;434;0;508;768,5;816,05;0,43;6,665;-1;5,83;-1;6,445;6,155
578;M;2;956;990;799;963;718;0;736;881;919,05;0,98;6,672;-1;7;-1;6,51;6,755
579;M;2;851;938;711;797;563;0;584;754;803,1;0,48;6,679;-1;5,8825;-1;4,4;6,215
580;M;2;510;511;726;917;616;628;676;821,5;696,25;0,57;6,686;-1;6,937;-1;6,65;6,6
581;M;2;771;774;784;785;476;725;0;784,5;758,75;0,45;6,69;-1;6,23;-1;5,11;5,365
582;M;3;613;614;759;879;434;0;612;819;711,95;0,67;6,693;-1;1,736;-1;5,4;6,565
583;M;2;900;917;799;917;561;0;647;858;858,7;0,6;6,707;-1;6,479;-1;5,835;6,44
584;M;2;694;787;799;827;561;893;462;813;792,2;0,62;6,707;-1;6,805;-1;6,405;6,44
585;M;2;842;872;656;844;590;699;569;750;806,2;0,55;6,714;-1;4,9;-1;6,665;7
586;M;2;594;594;679;917;522;556;499;798;708,15;0,48;6,7175;-1;6,4;-1;5,85;6,145
587;M;2;594;594;679;917;522;556;499;798;708,15;0,48;6,7175;-1;6,4;-1;5,85;6,145
588;M;2;722;737;651;879;496;0;576;765;748,45;0,55;6,7245;-1;6,093;-1;6,225;5,2
589;F;1;865;876;799;827;628;0;724;813;822,45;0,74;6,733;-1;7;-1;6,685;6,79
590;F;3;879;888;651;879;466;605;499;765;810,85;0,5;6,74;-1;5,6965;-1;5,36;6,245
591;M;2;628;628;726;797;548;0;617;761,5;691,85;0,55;6,772;-1;6,395;-1;6,1;5,885
592;F;2;808;830;573;600;476;0;502;586,5;671,1;0,24;6,7895;-1;5,693;-1;5,34;5,615
593;M;2;636;636;686;746;509;595;663;716;675,85;0,43;6,7895;-1;6,337;-1;5,87;5,28
594;M;3;664;662;784;844;573;695;654;814;736,95;0,55;6,814;-1;6,6815;-1;6,335;6,49
595;F;2;837;872;799;731;459;514;509;765;755,4;0,33;6,8175;-1;6,755;-1;6,475;6,925
596;M;1;713;713;834;963;703;0;698;898,5;810,6;0,88;6,8175;-1;6,586;-1;6,51;6,72
597;M;3;672;692;596;963;590;373;567;779,5;757,65;0,74;6,8175;-1;6,51;-1;6,595;6,68
598;M;2;886;925;872;861;466;0;816;866,5;859,55;0,6;6,8175;-1;6,772;-1;6,37;6,37
599;M;3;643;643;784;879;534;0;495;831,5;719,45;0,48;6,821;-1;5,5755;-1;4,8;4,9
600;M;2;937;1000;699;785;478;0;415;742;803,75;0,67;6,821;-1;6,193;-1;5,4;6,51
601;M;2;713;762;738;785;522;578;536;761,5;732,35;0,64;6,825;-1;4,466;-1;5,74;5,73
602;M;2;842;866;745;886;560;643;588;815,5;820,9;0,64;6,825;-1;6,93;-1;6,48;6,86
603;M;2;842;869;689;688;476;445;560;688,5;734,4;0,33;6,86;-1;6,825;-1;6,125;6,55
604;M;2;808;897;654;879;582;0;594;766,5;811,45;0,71;6,872;-1;7;-1;5,635;6,37
605;M;1;793;793;754;990;563;0;635;872;830,75;0,86;6,872;-1;6,772;-1;6,015;6,44
606;M;3;842;910;589;785;537;360;580;687;775,7;0,62;6,895;-1;6,695;-1;6,545;6,325
607;M;2;785;823;754;879;581;480;548;816,5;792,3;0,69;6,921;-1;6,842;-1;6,335;6,545
608;M;3;636;636;770;963;560;0;613;866,5;757,75;0,55;6,935;-1;6,37;-1;6,5;6,955
609;M;3;713;716;679;917;716;624;679;798;778,65;0,9;6,9455;-1;7;-1;7;7
610;M;2;856;886;802;827;582;0;589;814,5;809,05;0,52;6,97;-1;4,9;-1;6,09;6,685
611;M;3;572;572;699;963;603;0;606;831;726,5;0,67;6,979;-1;6,479;-1;6,37;6,04
612;M;2;736;756;815;797;507;0;656;806;751,8;0,57;6,9895;-1;6,8175;-1;-1;-1
613;M;2;671;671;799;879;582;654;0;839;750,45;0,64;7;-1;4,5325;-1;2,8;3,7
614;M;1;851;872;788;671;428;0;506;729,5;732,35;0,52;7;-1;6,714;-1;6,16;6,895